No,Application,Branch Name,Problem Statement,Build Challenge,Difficulty,Assigned Student
01,Content Idea Generator,01_Content_Idea_Generator,Creators struggle to consistently find content ideas.,Build an app where topic + audience generates 10 relevant content ideas.,Standard,Kavi Priya CA
02,Content Repurposer,02_Content_Repurposer,One idea needs different treatment on every platform.,"Convert one content input into LinkedIn, Instagram, X and YouTube versions.",Standard,Jaishanth L
03,Hook Generator,03_Hook_Generator,Writing strong hooks takes too much time.,Generate 10 hooks for a topic using different styles.,Standard,Mithra Ravi
04,Daily Content Planner,04_Daily_Content_Planner,Creators don't know what to post today.,Use niche + goal to generate today's content plan.,Standard,Theeran P
05,Reel Script Builder,05_Reel_Script_Builder,Short-form creators struggle to structure 30–60 second videos.,"Turn an idea into a hook, body and CTA.",Standard,PRAVEEN.A
06,Clip Finder,06_Clip_Finder,Long videos contain many reusable short clips.,Analyze a transcript and identify the best short-form moments with timestamps.,Standard,Manoj M
07,Thumbnail Ideator,07_Thumbnail_Ideator,Creators need better thumbnail concepts.,Turn a video title into visual concepts and thumbnail text.,Standard,Sanadhani
08,Caption Assistant,08_Caption_Assistant,Creators waste time writing captions.,Turn content or an image description into a platform-ready caption.,Standard,Tejaswi K
09,CTA Generator,09_CTA_Generator,Creators struggle with calls-to-action that don't sound repetitive.,Generate contextual CTAs based on the creator's goal.,Standard,Malligaarjunan AVK
10,Comment Analyzer,10_Comment_Analyzer,Creators receive hundreds of comments but can't easily understand audience sentiment.,"Analyze comments into themes, questions, complaints and opportunities.",Standard,Poornaa Shree Praveenraj
11,Comment-to-Content,11_Comment_to_Content,Creators miss good ideas hidden inside audience comments.,Convert audience comments into future post and video ideas.,Standard,Satheesh
12,Creator Research Assistant,12_Creator_Research_Assistant,Research before creating educational content takes too long.,"Turn a topic into key facts, angles and useful sources.",Standard,Sudhiksha
13,Voice Replicator,13_Voice_Replicator,Creators don't maintain a consistent writing style.,Learn from previous posts and create a new draft following the creator's style.,Standard,Suryakumar J S
14,Podcast Assistant,14_Podcast_Assistant,Podcast creators spend too much time creating supporting content.,"Turn a transcript into a title, description, chapters and highlights.",Standard,Priyadharshini B
15,Creator Workspace,15_Creator_Workspace,"Creators struggle to organize scripts, drafts and published content.",Build an Idea → Research → Script → Published workflow.,Standard,Aatif F
16,Content Recycler,16_Content_Recycler,Creators don't know which old content deserves to be reused.,Analyze content history and recommend what to repost or rework.,Standard,Archana C
17,Brand Pitch Builder,17_Brand_Pitch_Builder,Brand collaborations require repetitive proposals and pitches.,Use creator profile + brand information to generate a personalized collaboration proposal.,Standard,Prinetha kannan
18,AI Content Director,18_AI_Content_Director,Turning an idea into a complete production plan requires several disconnected steps.,"Research a topic, identify angles, recommend a narrative, generate a script, suggest visuals/B-roll, create a shot list and publishing copy.",Extra High,Sri Jananii S
19,Creator Second Brain,19_Creator_Second_Brain,"Creators can't easily search, reuse or connect everything they have produced.",Store creator knowledge and enable semantic questions such as 'Have I talked about this before?' and 'What can become a reel?',Extra High,Karthik Aravind M
20,AI Screenplay Workspace,20_AI_Screenplay_Workspace,Writers need AI assistance without losing character and story continuity.,"Build a workspace that understands characters, locations, scenes and previous context while assisting with dialogue, action and scene progression.",Extra High,SaiSanjay R
21,Autonomous Content Pipeline,21_Autonomous_Content_Pipeline,Creators repeatedly transform one idea into many different content formats.,Turn one idea through Research → YouTube Script → 3 Reels → LinkedIn Post → X Thread → Captions → Publishing Calendar.,Extra High,Sudharshan R
22,AI Creative Producer,22_AI_Creative_Producer,"Creators need ongoing strategic decisions, not just individual generated posts.","Given a creator goal, define audience, content pillars and a 30-day strategy, generate today's content, retain history and adapt recommendations using performance data.",Extra High,Udhayan K
