originalId,caption,mediaType,postDate,reach,views,likes,comments,shares,saves,hashtags,permalink,isSynthetic
SYNTH_POST_001,"Stop writing nested callbacks in 2026. Here is how Javascript Async/Await works under the hood with the Event Loop and Microtask Queue. 🧵👇 Save this for your next frontend tech interview!",CAROUSEL,2026-06-15T10:30:00Z,48500,62000,3820,245,1120,4210,"javascript,webdev,frontend,codingtips,programming,softwareengineer",https://instagram.com/p/synth_001_demo,true
SYNTH_POST_002,"3 CSS tricks you probably don't know: 1. :has() pseudo-class for parent selection, 2. subgrid for complex layouts, 3. color-mix() for dynamic palettes without SCSS. Which one is your favorite?",REEL,2026-06-20T14:15:00Z,65400,89000,4950,310,1840,5120,"css,webdesign,frontend,devlife,codingtips",https://instagram.com/p/synth_002_demo,true
SYNTH_POST_003,"Live Q&A tomorrow evening at 7:00 PM IST! Drop your doubts about React 19 server components and hackathon project pitching in the comments.",IMAGE,2026-07-01T08:00:00Z,6200,7100,340,42,12,18,"live,qa,community,reactjs",https://instagram.com/p/synth_003_demo,true
SYNTH_POST_004,"Postgres Indexing Visualized: Why sequential scan kills your API response time and how B-Trees turn O(N) into O(log N). Bookmarking this will save your server during peak traffic.",IMAGE,2026-05-10T12:00:00Z,32000,39500,2410,118,890,3450,"database,postgres,backend,systemdesign,sql,performance",https://instagram.com/p/synth_004_demo,true
SYNTH_POST_005,"Check out my desk setup for 2026! Clean minimalist workstation with dual monitors, mechanical keyboard, and warm ambient light. What do you think?",IMAGE,2026-08-12T16:45:00Z,18500,21000,1250,85,45,120,"desksetup,workspace,coderlife,minimalist",https://instagram.com/p/synth_005_demo,true
SYNTH_POST_006,"Docker vs Kubernetes in 60 seconds. Stop confusing containerization with orchestration. Here is the exact analogy every beginner needs.",REEL,2026-04-18T11:20:00Z,78900,112000,6200,412,2650,6890,"docker,kubernetes,devops,cloud,backend,techguide",https://instagram.com/p/synth_006_demo,true
SYNTH_POST_007,"Top 5 Git commands that will save your commit history when you mess up on main. 1. git commit --amend 2. git reset --soft 3. git cherry-pick 4. git reflog 5. git stash pop",CAROUSEL,2026-05-25T13:10:00Z,41200,53000,3100,180,980,3900,"git,github,versioncontrol,codingtips,devtips",https://instagram.com/p/synth_007_demo,true
SYNTH_POST_008,"5 Red Flags in Software Engineering job postings you should never ignore. High reach topic, remember to check glassdoor and ask about on-call rotation during interviews.",REEL,2026-07-28T15:00:00Z,54000,74000,2900,320,720,1400,"career,techjobs,interviewtips,softwaredeveloper",https://instagram.com/p/synth_008_demo,true
SYNTH_POST_009,"Flash sale alert! 50% discount on our Fullstack React Handbook ends in 3 hours. Use promo code FLASH50 at checkout.",IMAGE,2026-06-05T09:00:00Z,8900,9500,180,24,10,22,"sale,promo,reactjs,ebook",https://instagram.com/p/synth_009_demo,true
SYNTH_POST_010,"REST API vs GraphQL vs gRPC: How to pick the right communication protocol for microservices. Swipe left for the comparative trade-off matrix.",CAROUSEL,2026-05-02T10:00:00Z,36500,47000,2750,165,820,3600,"backend,systemdesign,api,graphql,grpc,microservices",https://instagram.com/p/synth_010_demo,true
SYNTH_POST_011,"How Redis Caching speeds up database read latency by 95%. Architecture diagram and cache-aside pattern explained step by step.",IMAGE,2026-04-12T14:30:00Z,29800,34000,2150,110,640,2980,"redis,caching,backend,systemdesign,database",https://instagram.com/p/synth_011_demo,true
SYNTH_POST_012,"My morning coding routine: coffee, review pull requests, 90 minutes of deep focus without Slack notifications. What does your routine look like?",IMAGE,2026-08-04T07:30:00Z,14200,16500,920,72,28,95,"routine,productivity,devlife,morningvibes",https://instagram.com/p/synth_012_demo,true
SYNTH_POST_013,"JWT Authentication vulnerabilities you need to patch immediately: token storage in localStorage vs HttpOnly cookies, secret rotation, and replay attacks.",CAROUSEL,2026-05-19T11:45:00Z,44100,58000,3340,210,1150,4400,"cybersecurity,jwt,auth,webdev,backend,infosec",https://instagram.com/p/synth_013_demo,true
SYNTH_POST_014,"Why junior developers struggle with state management in React. Prop drilling vs Context vs Zustand vs Redux Toolkit compared in 4 slides.",CAROUSEL,2026-06-25T13:00:00Z,51200,67000,3980,290,1420,4890,"reactjs,frontend,statemanagement,zustand,javascript",https://instagram.com/p/synth_014_demo,true
SYNTH_POST_015,"Happy Independence Day! Hope everyone takes a break from screens and spends quality time with family. No coding today! 🇮🇳✨",IMAGE,2026-08-15T09:00:00Z,12500,14000,1100,88,35,15,"holiday,celebration,community",https://instagram.com/p/synth_015_demo,true
SYNTH_POST_016,"Clean Architecture for Node.js backends: Controller vs Service vs Repository layer. Stop putting database queries directly inside your Express route handlers!",CAROUSEL,2026-05-28T16:00:00Z,47600,61000,3670,230,1310,4520,"nodejs,backend,cleanarchitecture,expressjs,javascript",https://instagram.com/p/synth_016_demo,true
SYNTH_POST_017,"The ultimate roadmap to master Full-Stack Web Development in 6 months without tutorial hell. Real projects, system design, and deployment pipelines.",REEL,2026-04-05T12:00:00Z,92400,138000,7420,530,3100,8400,"fullstack,roadmap,learntocode,webdevelopment,career",https://instagram.com/p/synth_017_demo,true
SYNTH_POST_018,"SQL vs NoSQL: When to choose MongoDB and when to stick with PostgreSQL. The truth about ACID transactions and horizontal scaling.",CAROUSEL,2026-06-10T10:15:00Z,38900,49000,2890,195,880,3750,"mongodb,postgresql,database,backend,systemdesign",https://instagram.com/p/synth_018_demo,true
SYNTH_POST_019,"7 VS Code extensions that feel like superpowers. 1. Error Lens 2. GitLens 3. Prettier 4. Thunder Client 5. Console Ninja 6. Peacock 7. Path Intellisense.",CAROUSEL,2026-04-25T15:30:00Z,63200,82000,4720,260,1750,5600,"vscode,developer,tools,productivity,codingtips",https://instagram.com/p/synth_019_demo,true
SYNTH_POST_020,"Debugging CSS centering meme in 2026: place-items: center in display: grid. That's it. That's the post.",IMAGE,2026-07-15T18:00:00Z,28400,31000,2400,140,610,420,"css,frontend,devhumor,webdeveloper",https://instagram.com/p/synth_020_demo,true
SYNTH_POST_021,"Microservices vs Monolith: Why 90% of startups should start with a modular monolith first. Don't add distributed network complexity before product-market fit.",CAROUSEL,2026-05-14T11:00:00Z,41500,54000,3150,275,990,3820,"systemdesign,architecture,microservices,monolith,startups",https://instagram.com/p/synth_021_demo,true
SYNTH_POST_022,"How WebSockets work under the hood. Full duplex bidirectional TCP communication vs HTTP polling. Real-time chat & notifications architecture.",CAROUSEL,2026-06-02T13:45:00Z,35800,46000,2640,140,780,3210,"websockets,backend,networking,realtime,javascript",https://instagram.com/p/synth_022_demo,true
SYNTH_POST_023,"Our college hackathon booth is set up! Come say hi at Hall 3 if you are attending Smart India Hackathon internal rounds.",IMAGE,2026-07-10T09:30:00Z,7400,8200,510,65,18,20,"hackathon,sih,college,event",https://instagram.com/p/synth_023_demo,true
SYNTH_POST_024,"TypeScript utility types cheat sheet: Partial, Required, Readonly, Pick, Omit, Record, and Exclude with clear code examples.",CAROUSEL,2026-04-30T10:00:00Z,52800,68000,4120,215,1530,5340,"typescript,javascript,webdev,programming,cheatsheet",https://instagram.com/p/synth_024_demo,true
SYNTH_POST_025,"How to optimize React re-renders like a senior engineer. useMemo, useCallback, and React.memo explained with flamegraph profiling.",REEL,2026-05-22T14:00:00Z,61200,84000,4320,290,1610,5410,"reactjs,performance,frontend,webdev,javascript",https://instagram.com/p/synth_025_demo,true
SYNTH_POST_026,"Tailwind CSS v4 highlights: Oxide engine, pure CSS configuration, zero-config container queries, and 10x faster build times.",IMAGE,2026-08-01T12:00:00Z,22400,26000,1650,110,240,850,"tailwindcss,css,frontend,webdesign",https://instagram.com/p/synth_026_demo,true
SYNTH_POST_027,"5 API security best practices every junior backend engineer should implement: Rate limiting, CORS headers, Helmet, Input validation with Zod, and API keys hashing.",CAROUSEL,2026-06-08T15:15:00Z,43800,57000,3280,190,1120,4310,"cybersecurity,backend,api,nodejs,security",https://instagram.com/p/synth_027_demo,true
SYNTH_POST_028,"Rate my new dual monitor wallpaper collection! Link in bio to download high resolution 4K tech gradient wallpapers.",IMAGE,2026-07-22T17:30:00Z,16800,19000,1150,92,40,160,"desksetup,wallpapers,design,workspace",https://instagram.com/p/synth_028_demo,true
SYNTH_POST_029,"How DNS lookup works: from typing google.com in your browser to recursive resolvers, root nameservers, TLD servers, and authoritative records.",CAROUSEL,2026-05-06T11:30:00Z,39400,51000,2950,150,940,3880,"networking,dns,webdev,internet,howitworks",https://instagram.com/p/synth_029_demo,true
SYNTH_POST_030,"Top 4 Git branching strategies: Git Flow, GitHub Flow, Trunk-based development, and GitLab Flow compared with pros and cons.",CAROUSEL,2026-06-18T10:45:00Z,37200,48000,2710,175,860,3620,"git,devops,teamwork,workflow,github",https://instagram.com/p/synth_030_demo,true
SYNTH_POST_031,"Why you should stop using console.log for debugging in production. Structured logging with Winston and Pino + log aggregation explained.",IMAGE,2026-07-05T13:20:00Z,24100,28500,1780,135,310,1420,"nodejs,backend,debugging,logging,cleancode",https://instagram.com/p/synth_031_demo,true
SYNTH_POST_032,"The complete guide to SEO for web developers: Meta tags, OpenGraph, Canonical URLs, structured JSON-LD schema, and Lighthouse Core Web Vitals.",CAROUSEL,2026-05-17T12:15:00Z,42100,54000,3120,180,1040,4150,"seo,webdevelopment,frontend,marketing,corewebvitals",https://instagram.com/p/synth_032_demo,true
SYNTH_POST_033,"Releasing our free open-source UI component library tonight at 9 PM IST! Star the repository on GitHub if you are ready.",IMAGE,2026-06-30T16:00:00Z,11200,12800,740,95,60,85,"opensource,github,reactjs,launch",https://instagram.com/p/synth_033_demo,true
SYNTH_POST_034,"Database Normalization (1NF, 2NF, 3NF, BCNF) made easy with a real e-commerce database example. Never store repeated order addresses again.",CAROUSEL,2026-04-20T10:00:00Z,46700,60000,3520,205,1220,4680,"database,sql,normalization,systemdesign,backend",https://instagram.com/p/synth_034_demo,true
SYNTH_POST_035,"How load balancers distribute traffic: Round Robin, Least Connections, IP Hash, and Weighted response time algorithms explained.",CAROUSEL,2026-05-31T14:10:00Z,36800,47500,2680,155,840,3590,"systemdesign,loadbalancer,devops,cloud,backend",https://instagram.com/p/synth_035_demo,true
SYNTH_POST_036,"React 19 Actions and useActionState: How form mutations just got 10x easier without manual loading and error booleans.",REEL,2026-07-18T11:00:00Z,58900,79000,3890,240,1380,4720,"react19,frontend,javascript,webdev,reactjs",https://instagram.com/p/synth_036_demo,true
SYNTH_POST_037,"Attending the Tech Creators Summit in Bengaluru today! Met so many incredible developers and founders. Grateful for this community.",IMAGE,2026-08-08T18:30:00Z,15400,17200,1320,110,42,38,"community,conference,bengaluru,creators",https://instagram.com/p/synth_037_demo,true
SYNTH_POST_038,"Understanding CI/CD pipelines: From git push to automated testing, docker build, vulnerability scanning, and zero-downtime deployment on AWS.",CAROUSEL,2026-05-08T13:00:00Z,43200,56000,3190,170,1090,4280,"cicd,devops,automation,githubactions,cloud",https://instagram.com/p/synth_038_demo,true
SYNTH_POST_039,"5 Linux commands every backend developer should know: htop, grep, awk, curl, and netstat for debugging production server issues.",CAROUSEL,2026-06-12T15:30:00Z,49500,64000,3780,220,1390,4950,"linux,sysadmin,devops,terminal,backend",https://instagram.com/p/synth_039_demo,true
SYNTH_POST_040,"How HTTPS encryption works: Symmetric vs Asymmetric keys, TLS handshake, and Certificate Authorities in simple plain language.",IMAGE,2026-04-28T11:15:00Z,31400,37000,2340,125,720,3180,"security,https,networking,encryption,webdev",https://instagram.com/p/synth_040_demo,true
SYNTH_POST_041,"Clean Code principles you should follow: meaningful variable names, single responsibility functions, avoiding side effects, and writing clear comments.",CAROUSEL,2026-05-24T10:30:00Z,41800,54500,3150,195,980,4050,"cleancode,programming,bestpractices,javascript,python",https://instagram.com/p/synth_041_demo,true
SYNTH_POST_042,"Weekend giveaway! We are gifting 3 mechanical keyboards to our active followers. Comment your favorite programming language and tag a friend below to enter. Winners announced Monday!",IMAGE,2026-07-25T12:00:00Z,21500,24000,2100,890,310,110,"giveaway,community,keyboard,devlife",https://instagram.com/p/synth_042_demo,true
SYNTH_POST_043,"How Garbage Collection works in V8 JavaScript Engine: Scavenger minor GC for young generation and Mark-Sweep-Compact for old generation.",IMAGE,2026-04-10T14:00:00Z,28900,33500,2090,105,610,2840,"javascript,v8,performance,deepdive,computerscience",https://instagram.com/p/synth_043_demo,true
SYNTH_POST_044,"OAuth 2.0 and OpenID Connect authorization code flow with PKCE step by step. Protect your single page applications from authorization code interception.",CAROUSEL,2026-06-04T12:30:00Z,38200,49000,2840,160,890,3740,"oauth,security,auth,backend,webdev",https://instagram.com/p/synth_044_demo,true
SYNTH_POST_045,"How to structure scalable CSS with BEM methodology and CSS modules. Avoid style leakage across components in large team codebases.",IMAGE,2026-07-12T15:00:00Z,23600,27000,1680,115,340,1620,"css,frontend,bem,webdesign,architecture",https://instagram.com/p/synth_045_demo,true
SYNTH_POST_046,"Redis Pub/Sub vs RabbitMQ vs Apache Kafka: Choosing the right event broker for asynchronous microservices messaging.",CAROUSEL,2026-05-12T16:00:00Z,45200,58500,3410,215,1180,4420,"kafka,rabbitmq,redis,systemdesign,microservices",https://instagram.com/p/synth_046_demo,true
SYNTH_POST_047,"Celebrating 50,000 community members! Thank you everyone for the love and support over the past 2 years. Big things coming soon! 🎉🚀",IMAGE,2026-08-18T17:00:00Z,20100,22500,1950,240,55,45,"milestone,community,grateful,growth",https://instagram.com/p/synth_047_demo,true
SYNTH_POST_048,"How to build resilient microservices with Circuit Breaker Pattern. Stop cascading network failures when third-party payment gateways crash.",CAROUSEL,2026-05-20T11:00:00Z,39800,51200,2980,180,960,3890,"systemdesign,circuitbreaker,resilience,microservices,backend",https://instagram.com/p/synth_048_demo,true
SYNTH_POST_049,"The complete HTTP status codes reference guide: 1xx Informational, 2xx Success, 3xx Redirection, 4xx Client Error, 5xx Server Error.",CAROUSEL,2026-04-15T09:30:00Z,55400,71000,4210,230,1680,5620,"http,webdev,api,networking,cheatsheet",https://instagram.com/p/synth_049_demo,true
SYNTH_POST_050,"Top 3 Node.js performance bottlenecks you need to look out for: CPU-intensive event loop blocking, memory leaks from uncleaned event listeners, and unindexed database queries.",REEL,2026-06-22T14:45:00Z,67800,94000,4890,310,1890,5850,"nodejs,performance,backend,javascript,devlife",https://instagram.com/p/synth_050_demo,true
