Content Title,Publish Date,Format Type,Duration (sec),Views,Likes,Comments,Shares,Click-Through Rate (%),Watch Time (Hours)
Why 99% of Creators Fail at Audience Growth,2026-06-02 06:15:00,Shorts,30,"19,662",738,149,56,6.7%,108.46
The Ultimate Beginner Guide to Coding with AI,2026-06-04 06:00:00,Longform Video,387,"10,477",480,65,96,7.3%,795.15
Behind the Scenes: My Complete Design Systems Blueprint,2026-06-05 07:00:00,Longform Video,392,"11,239",825,203,139,8.6%,717.68
My Honest Thoughts on Coding with AI After 5 Years,2026-06-05 20:15:00,Shorts,29,"8,457",487,94,53,8.9%,45.83
Stop Making This Big Mistake with Design Systems,2026-06-05 18:15:00,Carousel,0,"2,522",126,27,12,7.6%,0.0
Is Coding with AI Actually Dead in 2026?,2026-06-08 01:45:00,Shorts,41,"12,282","1,111",161,228,8.6%,70.7
Behind the Scenes: My Complete Workflow Automation Blueprint,2026-06-08 19:15:00,Longform Video,994,"4,577",316,68,19,7.9%,500.31
3 Simple Tweaks to Double Your Coding with AI Results,2026-06-10 20:00:00,Shorts,25,"14,738",701,94,132,10.9%,57.68
How I Built a Workflow Automation in 24 Hours (Step by Step),2026-06-11 05:00:00,Longform Video,971,"4,119",368,39,43,5.8%,454.73
Behind the Scenes: My Complete Design Systems Blueprint,2026-06-12 07:15:00,Shorts,52,"11,721",903,189,103,7.7%,98.97
Can Anyone Master Tech Gear Review in 30 Days?,2026-06-14 05:00:00,Shorts,39,"16,835",750,103,135,10.9%,91.16
Behind the Scenes: My Complete Audience Growth Blueprint,2026-06-14 07:15:00,Longform Video,447,"16,721",821,195,104,6.3%,1498.75
Stop Making This Big Mistake with Audience Growth,2026-06-16 01:00:00,Shorts,31,"3,700",207,31,29,8.7%,15.97
Is Design Systems Actually Dead in 2026?,2026-06-17 04:00:00,Live Stream,3081,"8,131",409,48,49,11.7%,2262.19
How I Built a Coding with AI in 24 Hours (Step by Step),2026-06-19 07:15:00,Shorts,28,"22,225",803,205,111,5.8%,107.55
Is Tech Gear Review Actually Dead in 2026?,2026-06-19 04:15:00,Shorts,27,"15,449","1,233",190,123,9.7%,65.81
Why 99% of Creators Fail at Design Systems,2026-06-21 06:45:00,Shorts,25,"19,065","1,239",267,186,6.2%,76.49
Can Anyone Master Design Systems in 30 Days?,2026-06-20 20:30:00,Shorts,44,"13,377","1,180",250,164,11.3%,83.22
Is Tech Gear Review Actually Dead in 2026?,2026-06-23 04:15:00,Shorts,46,"13,112","1,185",173,222,5.7%,110.18
7 Game-Changing Tools for Creator Monetization,2026-06-25 06:15:00,Longform Video,1164,"6,306",262,59,33,10.7%,772.81
How I Built a Design Systems in 24 Hours (Step by Step),2026-06-25 04:30:00,Shorts,47,"13,752",908,185,173,11.6%,123.86
Stop Making This Big Mistake with Audience Growth,2026-06-25 19:45:00,Shorts,51,"10,485",707,100,121,6.2%,72.91
Is Design Systems Actually Dead in 2026?,2026-06-28 07:30:00,Shorts,39,"8,222",486,60,87,7.6%,55.46
How I Built a Creator Monetization in 24 Hours (Step by Step),2026-06-28 18:30:00,Shorts,31,"9,877",675,144,95,7.8%,54.56
Can Anyone Master Design Systems in 30 Days?,2026-07-01 07:00:00,Longform Video,972,"4,980",485,100,39,11.1%,492.41
The Ultimate Beginner Guide to Audience Growth,2026-07-02 06:15:00,Shorts,36,"17,165","1,029",146,89,8.2%,111.55
7 Game-Changing Tools for Design Systems,2026-07-03 07:15:00,Longform Video,686,"9,839",581,168,63,7.4%,782.04
Why 99% of Creators Fail at Design Systems,2026-07-03 05:45:00,Longform Video,416,"23,497","1,503",341,108,10.2%,1888.73
Can Anyone Master Audience Growth in 30 Days?,2026-07-03 19:15:00,Carousel,0,"2,964",174,28,27,9.6%,0.0
3 Simple Tweaks to Double Your Tech Gear Review Results,2026-07-06 21:45:00,Carousel,0,"3,049",167,26,27,10.3%,0.0
Is Creator Monetization Actually Dead in 2026?,2026-07-07 20:45:00,Shorts,42,"6,184",399,63,70,9.9%,35.93
The Ultimate Beginner Guide to Design Systems,2026-07-09 07:45:00,Shorts,49,"20,272","1,559",326,167,4.3%,159.62
The Ultimate Beginner Guide to Creator Monetization,2026-07-09 21:15:00,Longform Video,629,"2,708",217,49,38,9.2%,175.44
7 Game-Changing Tools for Workflow Automation,2026-07-11 01:00:00,Shorts,54,"3,858",191,32,34,7.8%,39.96
How I Built a Tech Gear Review in 24 Hours (Step by Step),2026-07-12 04:45:00,Shorts,47,"13,871","1,079",235,200,6.7%,87.96
3 Simple Tweaks to Double Your Coding with AI Results,2026-07-13 07:00:00,Longform Video,365,"20,546","1,345",356,292,6.1%,1014.88
Why 99% of Creators Fail at Coding with AI,2026-07-14 21:45:00,Live Stream,4825,"6,709",377,55,56,10.5%,3734.87
Stop Making This Big Mistake with Audience Growth,2026-07-15 07:30:00,Shorts,25,"15,644",690,128,108,7.8%,65.39
Behind the Scenes: My Complete Design Systems Blueprint,2026-07-17 00:45:00,Longform Video,368,"2,434",149,27,21,6.0%,153.86
My Honest Thoughts on Creator Monetization After 5 Years,2026-07-18 05:30:00,Longform Video,1318,"4,645",345,86,51,8.1%,675.82
Is Workflow Automation Actually Dead in 2026?,2026-07-19 04:00:00,Shorts,44,"23,689","1,609",278,265,7.5%,195.96
Why 99% of Creators Fail at Creator Monetization,2026-07-21 05:00:00,Longform Video,437,"8,070",582,144,75,7.2%,497.79
Can Anyone Master Audience Growth in 30 Days?,2026-07-21 06:15:00,Shorts,33,"9,282",369,100,59,10.2%,43.28
How I Built a Coding with AI in 24 Hours (Step by Step),2026-07-21 21:45:00,Shorts,41,"6,645",246,49,39,6.4%,53.51
Behind the Scenes: My Complete Workflow Automation Blueprint,2026-07-24 05:00:00,Longform Video,452,"17,143",969,240,195,5.8%,1407.43
7 Game-Changing Tools for Productivity Systems,2026-07-23 19:15:00,Shorts,40,"5,605",229,51,30,5.6%,34.92
Behind the Scenes: My Complete Creator Monetization Blueprint,2026-07-25 21:00:00,Longform Video,802,"1,625",122,26,8,5.1%,120.3
Can Anyone Master Creator Monetization in 30 Days?,2026-07-28 07:30:00,Longform Video,1105,"4,202",413,79,27,6.9%,508.99
7 Game-Changing Tools for Design Systems,2026-07-28 01:30:00,Longform Video,1131,"2,350",156,28,11,7.6%,248.56
The Ultimate Beginner Guide to Creator Monetization,2026-07-28 20:45:00,Longform Video,637,"1,291",73,11,8,9.3%,89.5
3 Simple Tweaks to Double Your Workflow Automation Results,2026-07-31 05:30:00,Longform Video,808,"6,967",375,62,24,9.4%,650.32
Why 99% of Creators Fail at Design Systems,2026-07-31 04:45:00,Shorts,54,"10,586",568,78,81,8.0%,97.67
Can Anyone Master Tech Gear Review in 30 Days?,2026-08-03 05:45:00,Shorts,33,"7,243",612,160,84,10.6%,37.13
Can Anyone Master Workflow Automation in 30 Days?,2026-08-04 00:45:00,Carousel,0,"3,896",284,50,30,6.6%,0.0
3 Simple Tweaks to Double Your Audience Growth Results,2026-08-03 19:45:00,Shorts,49,"10,451",819,103,153,6.2%,106.73
How I Built a Workflow Automation in 24 Hours (Step by Step),2026-08-05 21:00:00,Longform Video,336,"3,659",296,67,47,10.8%,245.43
Behind the Scenes: My Complete Productivity Systems Blueprint,2026-08-07 01:45:00,Carousel,0,"1,279",84,12,7,9.2%,0.0
How I Built a Design Systems in 24 Hours (Step by Step),2026-08-07 06:00:00,Shorts,43,"14,558",607,118,103,6.5%,87.31
Is Coding with AI Actually Dead in 2026?,2026-08-09 19:45:00,Carousel,0,"4,602",319,76,39,7.2%,0.0
My Honest Thoughts on Workflow Automation After 5 Years,2026-08-10 06:30:00,Longform Video,416,"13,230",504,85,55,7.8%,743.22
Is Creator Monetization Actually Dead in 2026?,2026-08-12 04:45:00,Carousel,0,"12,692",605,96,110,10.3%,0.0
How I Built a Workflow Automation in 24 Hours (Step by Step),2026-08-12 01:00:00,Shorts,48,"8,979",698,126,68,10.4%,86.85
3 Simple Tweaks to Double Your Design Systems Results,2026-08-14 06:15:00,Shorts,43,"31,602","2,380",285,401,6.8%,252.67
How I Built a Workflow Automation in 24 Hours (Step by Step),2026-08-15 00:30:00,Shorts,41,"7,213",408,56,44,9.5%,47.98
3 Simple Tweaks to Double Your Audience Growth Results,2026-08-16 06:15:00,Longform Video,1264,"3,413",269,52,22,11.0%,363.17
Why 99% of Creators Fail at Audience Growth,2026-08-18 07:15:00,Carousel,0,"9,892",889,205,90,8.2%,0.0
Stop Making This Big Mistake with Audience Growth,2026-08-17 18:30:00,Longform Video,1007,"2,451",222,24,19,7.5%,305.15
Why 99% of Creators Fail at Coding with AI,2026-08-18 19:15:00,Longform Video,441,"4,557",240,23,39,6.3%,288.27
Is Creator Monetization Actually Dead in 2026?,2026-08-20 18:00:00,Shorts,45,"2,701",120,21,18,8.4%,23.56
Can Anyone Master Design Systems in 30 Days?,2026-08-21 05:00:00,Longform Video,377,"9,684",854,107,140,8.2%,742.13
Behind the Scenes: My Complete Audience Growth Blueprint,2026-08-23 18:15:00,Shorts,45,"7,707",468,96,37,7.8%,69.25
The Ultimate Beginner Guide to Workflow Automation,2026-08-24 05:45:00,Shorts,51,"13,483",790,126,65,8.9%,95.27
How I Built a Tech Gear Review in 24 Hours (Step by Step),2026-08-25 04:30:00,Carousel,0,"13,986",924,152,161,11.4%,0.0
My Honest Thoughts on Tech Gear Review After 5 Years,2026-08-27 01:00:00,Live Stream,3840,"1,793",83,11,6,8.5%,655.01
My Honest Thoughts on Audience Growth After 5 Years,2026-08-27 21:00:00,Longform Video,784,"4,527",357,50,31,7.6%,287.71
